Category,Task,Description,Target Completion,Priority,Status,Notes
Legal & Business Formation,Form LLC,Register business entity with state,2025-01-15,High,[ ],
Legal & Business Formation,Obtain EIN,Apply for Employer Identification Number from IRS,2025-01-20,High,[ ],
Legal & Business Formation,Business Bank Account,Open dedicated business checking account,2025-01-25,High,[ ],
Legal & Business Formation,Business Insurance,Obtain general liability and E&O insurance,2025-02-01,High,[ ],
Legal & Business Formation,Terms of Service,Finalize and publish Terms of Service,2025-03-01,High,[ ],
Legal & Business Formation,Privacy Policy,Finalize and publish Privacy Policy (HIPAA compliant),2025-03-01,High,[ ],
Legal & Business Formation,HIPAA Compliance Review,Legal review of HIPAA compliance measures,2025-04-01,Critical,[ ],
Legal & Business Formation,BAA Templates,Create Business Associate Agreement templates,2025-04-01,High,[ ],
Product Development,Core Platform Stability,Ensure all critical features are production-ready,2025-06-01,Critical,[ ],
Product Development,AI Features Testing,Comprehensive testing of all AI capabilities,2025-06-15,Critical,[ ],
Product Development,Mobile Responsiveness,Full mobile optimization and testing,2025-07-01,High,[ ],
Product Development,Performance Optimization,Page load speeds under 2 seconds,2025-07-15,High,[ ],
Product Development,Security Audit,Third-party security penetration testing,2025-08-01,Critical,[ ],
Product Development,Bug Fixes,Resolve all critical and high-priority bugs,2025-08-15,Critical,[ ],
Product Development,User Onboarding Flow,Polish and optimize onboarding experience,2025-09-01,High,[ ],
Product Development,Help Documentation,Create comprehensive user guides and help center,2025-10-01,Medium,[ ],
Product Development,Video Tutorials,Create platform walkthrough videos,2025-10-15,Medium,[ ],
Product Development,Demo Environment,Set up interactive demo for prospects,2025-09-15,High,[ ],
Infrastructure & Technical,Production Infrastructure,Set up production Supabase environment,2025-05-01,Critical,[ ],
Infrastructure & Technical,Database Backups,Automated backup and disaster recovery system,2025-05-15,Critical,[ ],
Infrastructure & Technical,Monitoring & Alerts,Set up error tracking and uptime monitoring,2025-06-01,High,[ ],
Infrastructure & Technical,CDN Setup,Configure CDN for optimal performance,2025-06-15,Medium,[ ],
Infrastructure & Technical,SSL Certificates,Ensure all domains have valid SSL certificates,2025-07-01,High,[ ],
Infrastructure & Technical,Email Infrastructure,Set up transactional email service (Resend),2025-07-01,High,[ ],
Infrastructure & Technical,SMS Infrastructure,Configure Twilio for SMS notifications,2025-07-15,High,[ ],
Infrastructure & Technical,Payment Processing,Stripe integration testing and compliance,2025-08-01,Critical,[ ],
Infrastructure & Technical,Domain Setup,Purchase and configure custom domain,2025-08-15,High,[ ],
Infrastructure & Technical,API Rate Limiting,Implement rate limiting and abuse prevention,2025-09-01,High,[ ],
Marketing & Brand,Brand Identity,Finalize logo and brand guidelines,2025-03-01,High,[ ],
Marketing & Brand,Marketing Website,Launch professional marketing website,2025-08-01,High,[ ],
Marketing & Brand,SEO Optimization,On-page SEO for all public pages,2025-09-01,Medium,[ ],
Marketing & Brand,Content Strategy,Develop 3-month content calendar,2025-09-15,Medium,[ ],
Marketing & Brand,Social Media Accounts,Set up and brand social media profiles,2025-10-01,Medium,[ ],
Marketing & Brand,Email Marketing Setup,Configure email marketing platform (Mailchimp/ConvertKit),2025-10-01,Medium,[ ],
Marketing & Brand,Launch Video,Create professional product launch video,2025-10-15,High,[ ],
Marketing & Brand,Case Studies,Develop 2-3 customer success stories,2025-11-01,Medium,[ ],
Marketing & Brand,Press Kit,Create media kit for press outreach,2025-11-15,Low,[ ],
Marketing & Brand,Blog Content,Publish 10+ SEO-optimized blog posts,2025-11-30,Medium,[ ],
Sales & Customer Success,Pricing Strategy,Finalize pricing tiers and features,2025-04-01,Critical,[ ],
Sales & Customer Success,Sales Collateral,Create pitch decks and one-pagers,2025-09-01,High,[ ],
Sales & Customer Success,Demo Script,Develop standardized demo presentation,2025-09-15,High,[ ],
Sales & Customer Success,CRM Setup,Implement CRM for lead management,2025-10-01,High,[ ],
Sales & Customer Success,Support System,Set up customer support ticketing system,2025-10-15,High,[ ],
Sales & Customer Success,Knowledge Base,Build searchable help center,2025-11-01,Medium,[ ],
Sales & Customer Success,Onboarding Process,Document customer onboarding workflow,2025-11-15,High,[ ],
Sales & Customer Success,Sales Training Materials,Create internal sales training docs,2025-12-01,Medium,[ ],
Beta Testing & Validation,Beta Tester Recruitment,Recruit 10-15 beta customers,2025-07-01,Critical,[ ],
Beta Testing & Validation,Beta Program Launch,Launch closed beta program,2025-08-01,Critical,[ ],
Beta Testing & Validation,Feedback Collection,Structured feedback sessions with beta users,2025-09-01,High,[ ],
Beta Testing & Validation,Beta Iteration,Implement changes based on beta feedback,2025-10-01,Critical,[ ],
Beta Testing & Validation,Success Metrics,Define and track key beta success metrics,2025-08-15,High,[ ],
Beta Testing & Validation,Beta Testimonials,Collect testimonials from beta users,2025-11-01,High,[ ],
Compliance & Security,HIPAA Compliance Docs,Complete HIPAA compliance documentation,2025-06-01,Critical,[ ],
Compliance & Security,Security Policies,Document security policies and procedures,2025-06-15,Critical,[ ],
Compliance & Security,Data Retention Policy,Establish data retention and deletion policies,2025-07-01,High,[ ],
Compliance & Security,Incident Response Plan,Create security incident response plan,2025-07-15,High,[ ],
Compliance & Security,GDPR Compliance,Ensure GDPR compliance for international users,2025-08-01,High,[ ],
Compliance & Security,PCI DSS Compliance,Verify payment processing compliance,2025-08-15,Critical,[ ],
Compliance & Security,Audit Logging,Implement comprehensive audit logging,2025-09-01,High,[ ],
Financial Planning,Financial Projections,Complete 2-year financial model,2025-04-01,High,[ ],
Financial Planning,Accounting Software,Set up QuickBooks or similar,2025-05-01,High,[ ],
Financial Planning,Runway Calculation,Calculate operating expenses and runway,2025-05-15,Critical,[ ],
Financial Planning,Fundraising Strategy,Determine if fundraising is needed,2025-06-01,High,[ ],
Financial Planning,Budget Allocation,Allocate budget for marketing and operations,2025-07-01,High,[ ],
Go-to-Market Strategy,Target Market Definition,Define ideal customer profile,2025-05-01,Critical,[ ],
Go-to-Market Strategy,Competitive Analysis,Complete competitive landscape analysis,2025-06-01,High,[ ],
Go-to-Market Strategy,Launch Plan,Develop detailed launch strategy,2025-09-01,Critical,[ ],
Go-to-Market Strategy,Partner Strategy,Identify potential integration partners,2025-10-01,Medium,[ ],
Go-to-Market Strategy,Launch Date Selection,Confirm official launch date in January 2026,2025-10-15,Critical,[ ],
Go-to-Market Strategy,Early Access Program,Plan early adopter incentive program,2025-11-01,High,[ ],
Go-to-Market Strategy,Launch Event Planning,Plan virtual or in-person launch event,2025-11-15,Medium,[ ],
Pre-Launch Activities,Email List Building,Build email list of 500+ prospects,2025-11-01,High,[ ],
Pre-Launch Activities,Influencer Outreach,Connect with industry influencers,2025-11-15,Medium,[ ],
Pre-Launch Activities,PR Campaign,Engage PR firm or develop PR strategy,2025-12-01,Medium,[ ],
Pre-Launch Activities,Launch Communications,Draft launch announcement emails,2025-12-15,High,[ ],
Pre-Launch Activities,Special Launch Offer,Create limited-time launch promotion,2025-12-15,High,[ ],
Pre-Launch Activities,Social Media Campaign,Plan launch week social media blitz,2025-12-20,Medium,[ ],
Final Launch Prep,System Load Testing,Stress test with expected launch traffic,2026-01-01,Critical,[ ],
Final Launch Prep,Team Readiness,Ensure all team members are trained,2026-01-02,Critical,[ ],
Final Launch Prep,Support Capacity,Verify support team can handle volume,2026-01-03,High,[ ],
Final Launch Prep,Payment Systems Check,Final verification of all payment flows,2026-01-04,Critical,[ ],
Final Launch Prep,Communication Plan,Finalize hour-by-hour launch day plan,2026-01-05,High,[ ],
Final Launch Prep,Backup Plan,Document contingency plans for issues,2026-01-06,High,[ ],
Final Launch Prep,Launch Checklist,Final pre-flight checklist review,2026-01-07,Critical,[ ],
Final Launch Prep,Go Live,Official public launch,2026-01-15,Critical,[ ],